Im_x,Im_y,Ca_x,Ca_y,Ca_z,Mi_x,Mi_y
768,533,0.0391431525349617,0.053311027586460114,0.3020000159740448,612,453
727,258,0.02381979115307331,-0.03564654290676117,0.28200000524520874,579,137
671,427,0.006978290621191263,0.018286488950252533,0.3060000240802765,549,265
545,286,-0.031650446355342865,-0.02608845755457878,0.27300000190734863,995,140
768,493,0.04030967131257057,0.04119618982076645,0.3110000193119049,693,406
